,"(1,2)-2","(2,3)-2","(3,4)-2","(4,5)-2","(5,6)-2","(6,7)-2","(7,8)-2","(8,9)-2","(9,10)-2","(10,11)-2","(11,12)-2","(12,13)-2","(13,14)-2","(14,15)-2","(15,16)-2","(16,17)-2","(17,18)-2","(18,19)-2","(19,20)-2","(20,21)-2","(21,22)-2","(22,23)-2","(23,24)-2","(24,25)-2","(25,26)-2","(26,27)-2","(27,28)-2","(28,29)-2","(29,30)-2","(30,31)-2","(31,32)-2","(32,33)-2","(33,34)-2","(34,35)-2","(35,36)-2","(36,37)-2","(37,38)-2","(38,39)-2","(39,40)-2","(40,41)-2","(41,42)-2","(42,43)-2","(43,44)-2","(44,45)-2","(45,46)-2","(46,47)-2","(47,48)-2","(48,49)-2"
"(1,2)-1",83.21,50.41,49.64,50.14,50.11,50.18,49.71,48.89,49.80,49.66,50.41,50.07,49.43,49.64,49.75,50.86,49.86,50.93,50.05,50.00,50.86,49.43,49.86,50.43,48.80,49.77,49.82,50.34,50.11,49.68,50.11,50.00,49.52,50.02,50.05,49.16,51.06,49.86,50.09,50.54,50.20,50.05,51.09,50.54,49.68,50.23,49.50,49.37
"(2,3)-1",50.86,87.80,49.00,50.57,49.73,49.93,49.32,49.34,50.63,51.02,50.52,48.91,48.73,49.68,49.93,50.23,50.00,50.32,49.14,50.34,50.36,50.29,50.77,49.95,50.48,49.73,49.89,49.77,50.93,50.43,49.93,49.68,50.14,49.91,50.29,50.07,49.37,50.57,48.80,49.62,50.36,50.25,50.20,50.95,50.00,49.50,50.09,49.57
"(3,4)-1",49.16,50.09,88.75,50.48,49.98,49.23,49.64,50.59,50.09,50.25,50.79,49.84,49.55,50.18,50.14,50.79,49.86,50.00,49.23,50.07,49.98,49.66,50.14,50.20,49.91,49.55,49.71,50.32,49.68,49.37,49.91,49.00,50.48,49.46,50.29,49.82,49.93,50.68,49.75,50.61,50.75,49.43,49.43,51.02,49.95,50.25,49.80,49.39
"(4,5)-1",50.14,50.38,50.50,87.12,50.97,49.19,49.84,50.43,49.86,51.31,49.50,49.77,50.43,50.25,50.59,51.06,50.00,50.02,50.52,50.14,50.43,49.68,49.84,49.84,49.25,50.09,50.63,49.62,49.64,49.30,49.75,49.95,49.84,49.12,49.86,49.84,49.80,49.80,50.45,49.71,50.34,49.64,50.05,50.91,50.18,49.84,50.75,50.00
"(5,6)-1",49.66,49.64,50.75,50.11,84.59,50.20,49.84,50.77,50.18,51.58,49.25,49.52,50.16,50.20,50.57,49.43,49.50,51.40,49.03,49.77,49.37,49.39,49.57,49.84,49.86,50.02,49.59,50.05,49.57,49.82,49.50,49.86,49.66,50.05,51.04,49.48,49.71,50.16,48.89,49.86,49.59,50.29,50.34,49.71,50.43,49.66,50.23,50.11
"(6,7)-1",49.39,48.51,50.11,49.73,50.25,86.24,49.48,50.16,50.84,49.84,50.23,50.36,50.11,50.02,50.29,50.07,49.48,49.89,50.25,50.23,51.11,50.66,50.38,50.81,50.05,50.43,49.73,49.57,49.50,49.64,50.14,50.32,50.27,50.36,50.29,48.82,48.96,50.25,49.50,50.16,50.00,49.28,50.50,49.82,49.66,49.84,49.43,50.05
"(7,8)-1",50.14,49.95,48.57,49.98,50.38,49.46,86.67,50.20,51.00,50.75,49.14,49.55,50.63,49.19,50.05,49.68,50.14,49.66,50.25,49.64,48.91,50.86,49.55,50.57,50.09,49.55,50.09,49.93,50.09,49.68,50.23,49.28,49.52,49.46,49.95,49.32,49.32,49.30,51.29,49.68,49.89,49.62,50.14,49.75,50.29,50.72,49.68,49.25
"(8,9)-1",49.05,48.71,49.59,49.86,49.68,50.23,50.52,81.01,48.82,49.71,49.77,48.89,50.32,50.00,48.91,50.97,49.80,49.80,50.27,50.23,50.43,48.62,49.55,50.27,50.68,49.77,48.55,50.29,50.25,51.13,49.50,50.00,49.48,49.52,49.37,48.66,49.48,50.18,49.09,49.46,50.29,49.77,50.16,49.95,50.00,49.32,49.46,50.05
"(9,10)-1",50.14,50.23,50.05,49.25,49.86,49.75,50.84,49.48,81.58,50.05,49.95,49.68,50.48,50.36,49.50,49.80,50.59,50.34,49.68,51.47,49.03,49.48,50.00,50.29,50.02,50.00,50.14,49.05,50.09,50.50,50.20,50.36,50.45,50.48,50.61,50.11,49.75,49.71,50.45,50.18,49.98,49.86,50.63,49.71,50.00,50.48,50.36,48.78
"(10,11)-1",49.52,50.05,49.84,50.29,51.27,49.98,50.52,49.66,50.14,87.87,49.73,49.82,50.41,50.48,51.11,49.89,49.64,48.85,50.57,49.46,48.98,49.41,49.46,50.45,50.48,49.30,49.16,50.29,50.07,49.80,50.70,49.77,49.68,50.29,49.82,50.07,50.25,50.32,49.93,50.52,49.12,51.09,49.32,49.77,49.16,49.46,49.39,49.55
"(11,12)-1",51.27,49.98,50.20,50.18,50.41,50.18,49.77,50.11,50.50,50.02,86.85,48.66,49.21,50.18,49.12,49.66,50.81,49.57,50.00,51.22,51.27,50.54,49.93,51.54,49.89,49.50,49.98,49.89,50.20,50.23,49.46,51.04,49.75,49.37,50.93,50.52,50.02,49.91,50.61,49.80,50.61,50.41,50.14,50.63,49.93,50.43,50.25,50.88
"(12,13)-1",50.11,49.75,50.34,50.45,50.38,49.98,49.86,49.50,49.28,49.37,49.39,86.44,51.04,50.20,50.38,49.62,50.66,50.52,50.84,50.09,49.07,50.09,50.59,50.45,49.93,49.62,49.19,49.48,49.68,49.30,49.68,49.84,50.29,50.57,50.14,50.34,49.48,49.64,50.38,50.32,50.66,49.84,49.48,49.95,50.34,49.95,50.02,50.41
"(13,14)-1",50.20,48.98,49.21,50.91,50.43,49.86,50.95,50.97,51.38,49.80,49.93,49.43,84.74,49.09,50.23,50.00,48.89,51.34,50.54,50.18,49.73,50.25,50.88,50.63,50.18,50.45,49.86,49.64,50.59,51.15,49.73,49.52,49.80,49.09,51.22,49.77,50.05,49.95,49.03,50.14,50.18,49.05,50.34,49.46,49.55,49.82,50.07,49.95
"(14,15)-1",49.91,50.14,49.71,50.88,50.14,50.61,49.07,49.80,49.77,50.20,50.05,51.24,49.62,82.82,49.80,50.18,49.62,50.16,49.82,50.05,49.62,50.36,49.62,49.05,50.14,48.30,50.86,50.20,48.80,50.00,50.11,50.29,50.20,49.55,49.59,49.66,49.23,50.29,50.32,51.04,49.73,50.20,50.14,50.57,49.55,50.43,49.50,50.34
"(15,16)-1",50.07,50.11,50.61,50.14,50.00,50.11,49.57,49.39,49.43,50.97,49.62,49.68,49.82,50.20,82.32,50.81,49.93,49.75,49.80,50.88,49.14,49.28,49.73,50.70,50.50,49.34,49.98,49.80,50.16,49.41,50.09,49.91,50.77,50.20,50.38,50.09,49.25,49.82,49.89,49.86,49.86,49.66,49.46,50.14,50.38,49.93,50.36,49.86
"(16,17)-1",50.84,50.59,50.72,50.48,49.66,49.21,49.57,50.88,49.32,49.00,49.89,49.34,50.29,49.30,50.75,78.43,49.43,49.59,50.34,50.32,49.71,50.16,49.93,50.00,49.77,50.02,49.84,49.84,49.68,50.72,50.05,49.32,50.68,49.77,50.91,50.91,49.95,49.57,50.20,50.95,49.41,49.71,51.40,50.02,50.54,49.39,49.71,49.89
"(17,18)-1",49.34,49.55,49.80,51.11,51.02,49.95,49.93,49.55,50.16,49.84,50.05,49.98,49.73,49.09,50.84,50.52,79.36,49.39,50.72,49.84,49.32,50.05,49.91,50.75,50.63,49.75,50.14,50.05,50.59,50.07,49.48,49.95,49.86,49.55,50.14,49.50,50.50,49.34,49.62,49.09,50.54,49.95,49.77,50.29,50.00,50.70,49.68,50.25
"(18,19)-1",50.63,49.84,49.39,50.18,50.97,49.77,50.38,50.57,49.77,50.38,49.59,49.91,50.11,49.62,50.16,50.18,49.68,82.98,50.20,49.93,49.00,50.48,51.27,50.07,49.64,50.05,48.21,49.91,50.48,50.38,49.75,50.81,49.16,50.88,50.05,50.45,49.73,50.41,50.84,50.34,49.82,49.57,50.48,49.64,50.07,49.86,50.57,50.86
"(19,20)-1",49.82,49.50,50.05,50.59,49.52,50.59,50.11,50.20,50.41,50.75,49.82,50.77,50.05,48.78,50.27,49.48,50.52,50.02,86.56,50.11,50.29,50.07,48.55,50.29,50.45,49.80,50.14,50.25,50.16,50.29,50.29,50.63,49.07,49.37,49.77,50.48,50.32,51.22,49.68,49.75,49.30,49.71,49.77,49.86,50.00,49.98,50.00,50.61
"(20,21)-1",49.64,50.48,49.66,50.05,50.61,49.86,49.62,50.27,50.11,49.34,50.05,49.93,50.34,50.23,50.34,49.48,50.16,49.95,49.77,85.92,49.77,50.07,49.71,49.39,50.43,49.34,50.61,51.31,50.36,50.70,50.59,50.09,50.29,50.36,50.48,49.62,49.91,49.89,49.84,49.59,48.98,50.48,50.07,50.75,49.64,50.05,50.09,50.02
"(21,22)-1",50.05,50.97,49.82,50.41,49.07,50.59,49.84,49.59,49.59,48.62,50.93,49.68,49.84,49.73,49.48,50.29,49.37,49.25,50.57,49.64,88.59,49.77,50.14,50.66,50.29,50.27,50.77,49.73,50.27,50.00,50.41,50.20,50.34,50.27,50.09,50.05,49.52,49.64,49.95,49.64,49.84,49.59,48.60,49.52,50.61,50.09,50.27,49.77
"(22,23)-1",49.86,50.25,49.62,49.82,49.62,50.61,50.63,49.64,49.46,49.07,49.41,49.77,50.52,49.91,50.68,50.14,50.36,49.95,49.71,49.68,50.20,88.32,50.41,49.84,50.09,50.25,50.48,49.21,49.37,49.48,49.84,49.84,50.29,50.00,50.18,49.32,49.59,50.45,49.98,49.34,49.32,49.48,49.68,49.77,49.66,49.84,49.14,50.36
"(23,24)-1",49.84,49.89,50.32,49.75,49.68,50.11,49.82,49.23,49.71,49.68,50.20,49.93,51.06,49.21,50.11,49.46,49.91,50.27,49.43,49.68,49.66,49.46,83.91,50.43,50.05,50.70,49.21,50.11,50.84,49.14,50.61,49.95,49.86,49.77,50.38,49.89,49.89,50.23,50.93,50.72,49.66,49.82,49.28,49.82,49.80,50.32,49.64,50.18
"(24,25)-1",50.00,49.98,50.43,49.73,50.34,50.41,50.77,50.07,50.50,49.68,50.77,50.14,50.25,49.86,49.66,49.32,51.13,49.93,50.66,49.16,51.13,50.07,50.18,85.81,49.95,50.72,49.37,50.32,50.07,49.62,50.32,50.23,49.30,49.46,50.16,49.32,50.14,49.64,50.81,49.86,49.71,49.09,49.93,50.07,50.14,49.84,50.61,50.32
"(25,26)-1",49.46,50.36,50.11,49.68,50.54,49.52,50.77,51.31,50.41,49.41,49.89,49.75,50.34,50.18,50.05,50.27,50.70,49.16,50.29,49.84,50.72,49.50,50.50,49.80,86.44,49.62,50.59,50.59,49.77,49.25,49.80,49.03,50.09,50.16,48.69,49.66,50.07,50.29,50.09,49.80,50.25,49.66,49.39,49.62,50.36,51.11,50.29,49.50
"(26,27)-1",49.80,50.59,49.39,49.71,50.07,50.36,50.32,50.32,50.59,49.73,50.02,49.93,49.59,49.14,49.28,49.34,49.03,50.45,49.55,50.25,50.77,50.29,50.43,50.00,48.94,85.26,50.20,50.09,49.09,49.66,50.25,50.77,49.82,49.73,50.09,49.30,50.50,49.75,50.29,49.43,49.82,50.41,49.16,50.11,49.77,50.41,50.48,50.07
"(27,28)-1",50.27,50.11,48.80,50.36,50.00,49.64,49.86,50.14,50.70,49.59,49.98,49.82,49.64,50.41,50.52,50.75,50.32,49.91,49.71,50.25,50.68,50.16,50.23,50.18,49.98,49.95,85.47,49.46,49.86,50.11,49.19,49.37,49.98,50.20,50.05,50.23,50.48,50.29,49.64,50.05,49.21,50.20,50.16,50.23,50.27,51.00,49.84,49.71
"(28,29)-1",49.80,50.32,50.00,49.75,50.32,49.77,49.48,50.61,48.60,50.48,49.09,50.05,49.34,49.46,49.68,49.98,49.86,50.45,50.09,51.34,49.50,49.59,50.81,49.46,50.50,50.00,49.95,83.77,51.02,50.41,50.20,50.97,50.18,49.59,49.62,48.94,49.89,50.66,50.14,50.45,49.89,49.93,49.77,48.60,49.59,49.39,48.71,49.80
"(29,30)-1",50.23,50.25,50.00,50.38,49.91,50.59,49.68,50.52,50.05,49.98,49.46,49.25,50.61,49.34,50.20,49.21,51.34,50.09,49.80,50.50,49.86,49.77,49.91,50.43,49.64,49.64,50.52,50.75,84.04,49.75,49.89,49.25,50.16,50.38,49.50,50.32,50.16,50.23,49.48,50.11,49.00,50.18,50.95,49.68,50.18,50.14,49.95,50.00
"(30,31)-1",49.43,50.68,49.86,49.73,49.80,49.73,50.14,49.80,49.62,50.81,50.02,49.80,50.59,50.14,48.94,50.52,50.59,51.11,50.41,50.52,50.68,49.14,49.46,49.95,50.25,49.80,49.82,50.27,49.80,84.25,50.14,49.86,50.43,50.29,49.86,51.11,49.34,50.25,50.45,49.50,49.39,50.75,49.48,50.84,50.52,50.14,50.72,50.52
"(31,32)-1",50.05,50.32,49.37,49.28,50.27,49.46,49.73,49.48,50.00,50.38,49.98,49.23,50.00,49.57,50.07,49.80,49.66,49.73,50.97,50.16,50.77,50.09,50.57,50.48,49.98,49.62,49.57,50.07,49.66,49.62,85.94,49.77,48.62,49.86,50.02,48.91,50.45,50.45,49.30,50.52,50.23,49.95,50.00,49.46,49.98,49.62,50.34,49.89
"(32,33)-1",49.95,50.11,49.48,49.03,49.64,49.62,51.29,49.93,50.14,49.93,50.50,49.89,50.77,50.09,49.32,49.23,50.23,50.63,50.02,49.89,49.37,50.07,49.34,49.93,49.84,51.00,49.71,51.20,50.29,50.25,49.50,81.55,49.75,49.66,49.75,49.71,50.84,49.91,49.73,49.75,48.87,50.34,50.11,49.82,49.00,49.52,49.73,49.93
"(33,34)-1",50.63,49.98,50.72,49.89,50.41,49.95,49.57,49.03,50.18,49.93,50.84,50.75,49.57,49.89,49.55,50.91,50.09,49.32,49.80,50.20,50.50,50.52,49.64,49.41,49.66,50.36,50.52,49.84,49.52,49.43,49.09,49.89,84.47,49.86,50.14,49.32,50.23,49.39,50.38,50.38,49.41,50.07,49.84,49.84,49.50,50.23,50.61,50.29
"(34,35)-1",50.14,50.11,50.00,50.32,50.14,49.89,49.73,49.95,49.84,50.45,49.71,50.45,49.59,49.73,49.80,50.70,49.80,50.43,49.66,50.07,49.80,50.79,49.16,50.34,49.86,49.95,50.79,50.41,50.11,50.09,48.82,50.20,49.98,83.93,50.02,50.59,50.43,50.50,49.89,49.62,49.50,49.82,50.45,50.88,49.64,49.43,50.23,50.25
"(35,36)-1",50.29,50.61,49.73,48.91,49.93,49.46,49.89,49.66,50.63,50.32,50.38,49.48,50.48,49.95,50.77,50.09,50.18,50.05,50.43,51.06,49.59,49.95,49.98,50.50,49.05,50.43,50.86,49.95,50.00,50.59,49.28,49.23,50.77,49.71,83.79,49.82,49.39,49.48,50.11,49.93,50.52,50.45,50.61,49.71,49.57,49.82,51.04,49.39
"(36,37)-1",49.80,50.11,50.20,50.18,49.64,49.93,50.38,49.89,49.37,50.02,50.23,50.50,48.73,50.34,50.66,50.25,49.89,50.41,50.38,49.55,49.57,50.11,50.79,49.64,49.23,49.21,49.55,49.19,50.34,51.13,49.37,49.84,49.57,49.68,50.25,83.75,50.05,49.23,49.48,49.66,49.82,50.00,49.46,50.72,50.25,49.55,49.95,50.54
"(37,38)-1",50.29,50.27,50.02,50.05,50.93,49.23,50.00,49.62,49.84,50.18,51.13,50.41,50.68,50.48,49.89,49.93,50.14,49.16,49.57,50.34,49.03,50.54,49.89,49.82,49.23,50.07,50.61,50.07,50.81,50.54,49.71,50.09,49.57,50.16,48.73,50.59,83.86,49.62,50.45,48.85,49.59,51.04,50.91,51.15,50.38,50.77,50.02,50.00
"(38,39)-1",50.16,50.43,50.38,49.98,50.36,50.88,49.82,50.20,49.34,50.23,50.59,50.41,49.50,50.11,49.19,50.59,50.09,49.52,50.45,49.50,49.37,51.22,49.39,49.68,50.11,50.52,50.54,50.36,50.16,50.72,50.75,50.27,50.54,49.59,49.95,50.41,49.93,84.11,50.77,50.02,50.11,48.87,50.00,50.84,49.32,49.84,49.68,49.07
"(39,40)-1",49.71,49.39,49.66,49.64,48.98,48.60,50.77,49.84,49.64,50.18,50.18,50.34,49.84,50.61,50.05,50.84,50.59,50.48,50.32,49.25,50.43,50.41,50.61,50.61,49.89,50.54,50.95,50.57,49.37,49.93,49.48,49.59,50.20,50.52,50.25,49.66,50.02,50.00,84.74,51.54,50.00,49.84,50.00,50.23,50.54,50.27,50.91,50.34
"(40,41)-1",49.43,49.39,49.93,49.25,49.09,50.66,50.36,49.84,49.43,50.07,50.11,49.82,49.59,49.73,50.02,50.25,50.25,51.02,49.95,49.89,50.05,49.62,49.19,49.62,50.25,49.91,49.23,49.23,49.48,50.18,50.59,49.59,50.68,50.16,49.25,49.73,48.73,49.62,50.41,84.59,50.32,50.11,50.50,50.52,50.07,50.43,50.27,49.41
"(41,42)-1",50.38,50.29,51.29,49.71,49.77,50.09,50.52,50.59,50.32,49.23,50.50,49.84,49.55,49.50,49.93,50.00,49.75,49.41,49.89,49.43,50.14,48.98,49.71,49.62,49.55,49.37,50.05,49.71,49.21,50.23,51.22,49.37,49.75,50.38,50.25,49.30,49.80,50.38,49.59,49.73,84.54,49.86,50.25,51.18,50.16,50.23,50.14,49.89
"(42,43)-1",50.48,50.00,49.52,49.59,50.41,50.07,49.19,49.86,49.93,50.52,51.00,48.96,49.59,49.50,50.66,49.75,50.05,49.57,50.09,49.75,50.05,50.14,48.87,50.09,49.89,50.00,50.27,50.11,50.32,49.32,49.82,50.38,49.28,50.18,50.11,49.16,51.29,49.46,49.84,49.68,50.59,84.29,51.29,50.14,49.93,49.57,49.89,49.95
"(43,44)-1",50.54,50.07,49.25,50.59,49.14,50.09,49.82,50.14,49.98,49.50,49.37,49.32,50.52,50.00,50.43,50.81,49.75,49.95,49.98,49.59,49.39,49.86,49.16,49.68,49.82,49.80,50.34,49.59,50.43,49.28,50.38,49.75,50.34,48.80,49.77,50.25,50.27,48.96,50.70,50.59,50.23,50.84,84.25,50.34,50.11,50.25,50.05,49.86
"(44,45)-1",50.41,50.29,50.16,50.93,50.20,49.55,49.89,51.22,50.02,50.34,51.00,49.75,49.86,50.11,49.32,49.32,50.41,49.43,49.86,50.41,50.63,49.75,49.77,49.75,49.91,50.88,50.61,49.39,49.19,50.66,51.00,49.84,50.09,50.86,50.38,51.02,50.97,50.95,50.11,49.30,50.38,49.91,50.09,84.27,49.93,51.43,50.29,49.57
"(45,46)-1",50.07,49.16,49.89,49.64,50.20,50.07,50.18,49.62,50.84,50.23,50.27,50.36,50.32,49.50,49.82,50.72,49.80,50.54,48.91,49.73,50.18,49.73,50.11,49.77,49.21,50.34,49.93,49.80,50.57,50.25,49.98,49.68,49.48,49.66,50.43,50.05,50.27,50.18,50.77,50.84,50.11,49.73,49.89,49.91,83.16,50.27,50.02,49.89
"(46,47)-1",50.27,49.41,49.82,51.24,50.52,50.23,50.50,49.71,50.68,48.98,51.04,49.93,50.57,51.40,49.59,50.38,49.73,49.46,50.05,50.18,50.16,49.89,50.05,50.14,51.02,50.25,50.77,49.71,50.48,49.05,51.15,50.00,49.64,49.80,49.82,49.75,50.97,50.23,50.61,50.11,49.95,49.50,49.75,50.81,49.19,84.74,49.98,50.41
"(47,48)-1",49.39,50.48,50.34,49.62,50.38,50.38,49.68,49.46,49.46,49.37,49.93,49.55,50.72,50.50,50.57,50.00,51.29,49.98,50.00,50.50,50.63,49.32,50.16,50.11,50.11,50.29,49.50,49.23,50.54,50.34,50.43,49.73,50.14,49.93,51.06,49.73,50.36,49.28,49.71,49.84,49.32,50.61,51.00,49.89,49.98,49.64,83.45,49.12
"(48,49)-1",49.64,49.59,49.32,49.68,49.64,50.27,49.95,49.98,49.46,49.46,50.95,50.25,50.50,50.45,49.30,50.59,49.68,50.02,50.18,50.02,49.75,49.93,49.98,51.36,49.91,50.66,49.62,50.57,49.34,50.07,49.84,50.16,49.91,49.19,49.68,50.32,51.04,49.82,50.14,49.41,49.64,50.41,49.68,49.41,49.82,49.50,49.50,84.25
