Electrode_Pair,Comparison,BER_Fraction
1-2,M1 vs M2,0.16794929832503394
1-2,M1 vs M3,0.17451335445903124
1-2,M1 vs M4,0.1733816206428248
1-2,M1 vs M5,0.16772295156179268
1-2,M1 vs M6,0.16681756450882754
1-2,M1 vs M7,0.16908103214124037
1-2,M1 vs M8,0.17089180624717065
10-11,M1 vs M2,0.1213218650973291
10-11,M1 vs M3,0.1197374377546401
10-11,M1 vs M4,0.11883205070167496
10-11,M1 vs M5,0.12698053417836125
10-11,M1 vs M6,0.12381167949298325
10-11,M1 vs M7,0.1199637845178814
10-11,M1 vs M8,0.12449071978270711
11-12,M1 vs M2,0.13150746944318698
11-12,M1 vs M3,0.12381167949298325
11-12,M1 vs M4,0.12743322770484383
11-12,M1 vs M5,0.12811226799456768
11-12,M1 vs M6,0.13309189678587596
11-12,M1 vs M7,0.1292440018107741
11-12,M1 vs M8,0.16794929832503394
12-13,M1 vs M2,0.13558171118153012
12-13,M1 vs M3,0.14667270258035311
12-13,M1 vs M4,0.14282480760525124
12-13,M1 vs M5,0.1480307831598008
12-13,M1 vs M6,0.14010864644635582
12-13,M1 vs M7,0.1498415572657311
12-13,M1 vs M8,0.14305115436849253
13-14,M1 vs M2,0.15255771842462654
13-14,M1 vs M3,0.15255771842462654
13-14,M1 vs M4,0.15006790402897238
13-14,M1 vs M5,0.1511996378451788
13-14,M1 vs M6,0.1514259846084201
13-14,M1 vs M7,0.1702127659574468
13-14,M1 vs M8,0.22317790855590766
14-15,M1 vs M2,0.17179719330013582
14-15,M1 vs M3,0.16523313716613852
14-15,M1 vs M4,0.16749660479855139
14-15,M1 vs M5,0.17202354006337708
14-15,M1 vs M6,0.16772295156179268
14-15,M1 vs M7,0.17609778180172023
14-15,M1 vs M8,0.1672702580353101
15-16,M1 vs M2,0.1767768220914441
15-16,M1 vs M3,0.1749660479855138
15-16,M1 vs M4,0.17451335445903124
15-16,M1 vs M5,0.18175645088275239
15-16,M1 vs M6,0.1844726120416478
15-16,M1 vs M7,0.1842462652784065
15-16,M1 vs M8,0.19330013580805794
16-17,M1 vs M2,0.21570846536894522
16-17,M1 vs M3,0.2143503847894975
16-17,M1 vs M4,0.21321865097329107
16-17,M1 vs M5,0.20212765957446807
16-17,M1 vs M6,0.2161611588954278
16-17,M1 vs M7,0.19805341783612496
16-17,M1 vs M8,0.20076957899502038
17-18,M1 vs M2,0.2064282480760525
17-18,M1 vs M3,0.2032593933906745
17-18,M1 vs M4,0.21208691715708466
17-18,M1 vs M5,0.21502942507922138
17-18,M1 vs M6,0.21706654594839295
17-18,M1 vs M7,0.2127659574468085
17-18,M1 vs M8,0.21548211860570393
18-19,M1 vs M2,0.1702127659574468
18-19,M1 vs M3,0.1591217745586238
18-19,M1 vs M4,0.16930737890448166
18-19,M1 vs M5,0.16047985513807153
18-19,M1 vs M6,0.17089180624717065
18-19,M1 vs M7,0.16659121774558625
18-19,M1 vs M8,0.16772295156179268
19-20,M1 vs M2,0.1344499773653237
19-20,M1 vs M3,0.13512901765504753
19-20,M1 vs M4,0.14576731552738795
19-20,M1 vs M5,0.13897691263014939
19-20,M1 vs M6,0.14916251697600724
19-20,M1 vs M7,0.1448619284744228
19-20,M1 vs M8,0.14101403349932096
2-3,M1 vs M2,0.12200090538705297
2-3,M1 vs M3,0.11951109099139882
2-3,M1 vs M4,0.12019013128112269
2-3,M1 vs M5,0.12267994567677683
2-3,M1 vs M6,0.11951109099139882
2-3,M1 vs M7,0.12879130828429153
2-3,M1 vs M8,0.12720688094160254
20-21,M1 vs M2,0.14078768673607966
20-21,M1 vs M3,0.1344499773653237
20-21,M1 vs M4,0.13241285649615211
20-21,M1 vs M5,0.1306020823902218
20-21,M1 vs M6,0.1276595744680851
20-21,M1 vs M7,0.1231326392032594
20-21,M1 vs M8,0.12698053417836125
21-22,M1 vs M2,0.11407876867360797
21-22,M1 vs M3,0.10774105930285197
21-22,M1 vs M4,0.11611588954277954
21-22,M1 vs M5,0.10796740606609326
21-22,M1 vs M6,0.1088727931190584
21-22,M1 vs M7,0.10955183340878226
21-22,M1 vs M8,0.11339972838388411
22-23,M1 vs M2,0.11679492983250339
22-23,M1 vs M3,0.12381167949298325
22-23,M1 vs M4,0.1213218650973291
22-23,M1 vs M5,0.12516976007243097
22-23,M1 vs M6,0.12901765504753282
22-23,M1 vs M7,0.13014938886373925
22-23,M1 vs M8,0.13309189678587596
23-24,M1 vs M2,0.1609325486645541
23-24,M1 vs M3,0.15844273426889996
23-24,M1 vs M4,0.16478044363965597
23-24,M1 vs M5,0.16161158895427796
23-24,M1 vs M6,0.16659121774558625
23-24,M1 vs M7,0.1783612494341331
23-24,M1 vs M8,0.16862833861475782
24-25,M1 vs M2,0.1419194205522861
24-25,M1 vs M3,0.1453146220009054
24-25,M1 vs M4,0.1405613399728384
24-25,M1 vs M5,0.14078768673607966
24-25,M1 vs M6,0.14870982344952466
24-25,M1 vs M7,0.1498415572657311
24-25,M1 vs M8,0.20235400633770936
25-26,M1 vs M2,0.13558171118153012
25-26,M1 vs M3,0.1344499773653237
25-26,M1 vs M4,0.1419194205522861
25-26,M1 vs M5,0.13988229968311452
25-26,M1 vs M6,0.1498415572657311
25-26,M1 vs M7,0.1448619284744228
25-26,M1 vs M8,0.28134902670891804
26-27,M1 vs M2,0.14735174287007696
26-27,M1 vs M3,0.14667270258035311
26-27,M1 vs M4,0.14712539610683567
26-27,M1 vs M5,0.1482571299230421
26-27,M1 vs M6,0.14554096876414668
26-27,M1 vs M7,0.15006790402897238
26-27,M1 vs M8,0.1450882752376641
27-28,M1 vs M2,0.1453146220009054
27-28,M1 vs M3,0.14327750113173382
27-28,M1 vs M4,0.1387505658669081
27-28,M1 vs M5,0.14576731552738795
27-28,M1 vs M6,0.13490267089180624
27-28,M1 vs M7,0.13807152557718425
27-28,M1 vs M8,0.1987324581258488
28-29,M1 vs M2,0.1622906292440018
28-29,M1 vs M3,0.1595744680851064
28-29,M1 vs M4,0.15731100045269353
28-29,M1 vs M5,0.16002716161158895
28-29,M1 vs M6,0.15980081484834766
28-29,M1 vs M7,0.18560434585785424
28-29,M1 vs M8,0.1892258940697148
29-30,M1 vs M2,0.1595744680851064
29-30,M1 vs M3,0.16432775011317338
29-30,M1 vs M4,0.15866908103214125
29-30,M1 vs M5,0.16319601629696695
29-30,M1 vs M6,0.1595744680851064
29-30,M1 vs M7,0.16908103214124037
29-30,M1 vs M8,0.17179719330013582
3-4,M1 vs M2,0.11249434133091897
3-4,M1 vs M3,0.11611588954277954
3-4,M1 vs M4,0.12516976007243097
3-4,M1 vs M5,0.12109551833408783
3-4,M1 vs M6,0.12381167949298325
3-4,M1 vs M7,0.12449071978270711
3-4,M1 vs M8,0.1213218650973291
30-31,M1 vs M2,0.15753734721593482
30-31,M1 vs M3,0.16183793571751923
30-31,M1 vs M4,0.15731100045269353
30-31,M1 vs M5,0.16432775011317338
30-31,M1 vs M6,0.16183793571751923
30-31,M1 vs M7,0.16070620190131282
30-31,M1 vs M8,0.16953372566772296
31-32,M1 vs M2,0.1405613399728384
31-32,M1 vs M3,0.13761883205070166
31-32,M1 vs M4,0.13014938886373925
31-32,M1 vs M5,0.13671344499773652
31-32,M1 vs M6,0.13535536441828883
31-32,M1 vs M7,0.13603440470801267
31-32,M1 vs M8,0.13603440470801267
32-33,M1 vs M2,0.1844726120416478
32-33,M1 vs M3,0.1923947487550928
32-33,M1 vs M4,0.1810774105930285
32-33,M1 vs M5,0.1815301041195111
32-33,M1 vs M6,0.1876414667270258
32-33,M1 vs M7,0.1876414667270258
32-33,M1 vs M8,0.1876414667270258
33-34,M1 vs M2,0.15527387958352196
33-34,M1 vs M3,0.1511996378451788
33-34,M1 vs M4,0.15527387958352196
33-34,M1 vs M5,0.1530104119511091
33-34,M1 vs M6,0.15866908103214125
33-34,M1 vs M7,0.1561792666364871
33-34,M1 vs M8,0.15844273426889996
34-35,M1 vs M2,0.16070620190131282
34-35,M1 vs M3,0.15504753282028066
34-35,M1 vs M4,0.16500679040289723
34-35,M1 vs M5,0.16183793571751923
34-35,M1 vs M6,0.16478044363965597
34-35,M1 vs M7,0.17179719330013582
34-35,M1 vs M8,0.17451335445903124
35-36,M1 vs M2,0.16206428248076052
35-36,M1 vs M3,0.15527387958352196
35-36,M1 vs M4,0.1591217745586238
35-36,M1 vs M5,0.14599366229062924
35-36,M1 vs M6,0.15436849253055682
35-36,M1 vs M7,0.15753734721593482
35-36,M1 vs M8,0.15187867813490266
36-37,M1 vs M2,0.1625169760072431
36-37,M1 vs M3,0.16138524219103667
36-37,M1 vs M4,0.15527387958352196
36-37,M1 vs M5,0.16794929832503394
36-37,M1 vs M6,0.16455409687641467
36-37,M1 vs M7,0.16364870982344953
36-37,M1 vs M8,0.16523313716613852
37-38,M1 vs M2,0.16138524219103667
37-38,M1 vs M3,0.15414214576731552
37-38,M1 vs M4,0.16002716161158895
37-38,M1 vs M5,0.16047985513807153
37-38,M1 vs M6,0.1622906292440018
37-38,M1 vs M7,0.16115889542779538
37-38,M1 vs M8,0.15753734721593482
38-39,M1 vs M2,0.15889542779538252
38-39,M1 vs M3,0.16206428248076052
38-39,M1 vs M4,0.16319601629696695
38-39,M1 vs M5,0.16070620190131282
38-39,M1 vs M6,0.1625169760072431
38-39,M1 vs M7,0.1627433227704844
38-39,M1 vs M8,0.1706654594839294
39-40,M1 vs M2,0.15255771842462654
39-40,M1 vs M3,0.15097329108193752
39-40,M1 vs M4,0.15980081484834766
39-40,M1 vs M5,0.14916251697600724
39-40,M1 vs M6,0.1545948392937981
39-40,M1 vs M7,0.15414214576731552
39-40,M1 vs M8,0.15663196016296968
4-5,M1 vs M2,0.12879130828429153
4-5,M1 vs M3,0.13535536441828883
4-5,M1 vs M4,0.13196016296966953
4-5,M1 vs M5,0.13037573562698054
4-5,M1 vs M6,0.13535536441828883
4-5,M1 vs M7,0.1344499773653237
4-5,M1 vs M8,0.1278859212313264
40-41,M1 vs M2,0.15414214576731552
40-41,M1 vs M3,0.1453146220009054
40-41,M1 vs M4,0.15866908103214125
40-41,M1 vs M5,0.15550022634676325
40-41,M1 vs M6,0.15663196016296968
40-41,M1 vs M7,0.15776369397917608
40-41,M1 vs M8,0.16908103214124037
41-42,M1 vs M2,0.1545948392937981
41-42,M1 vs M3,0.1369397917609778
41-42,M1 vs M4,0.15550022634676325
41-42,M1 vs M5,0.15776369397917608
41-42,M1 vs M6,0.15210502489814395
41-42,M1 vs M7,0.1484834766862834
41-42,M1 vs M8,0.1530104119511091
42-43,M1 vs M2,0.15708465368945224
42-43,M1 vs M3,0.15052059755545497
42-43,M1 vs M4,0.15708465368945224
42-43,M1 vs M5,0.16659121774558625
42-43,M1 vs M6,0.1609325486645541
42-43,M1 vs M7,0.16161158895427796
42-43,M1 vs M8,0.16749660479855139
43-44,M1 vs M2,0.15753734721593482
43-44,M1 vs M3,0.17179719330013582
43-44,M1 vs M4,0.16794929832503394
43-44,M1 vs M5,0.1699864191942055
43-44,M1 vs M6,0.16749660479855139
43-44,M1 vs M7,0.16636487098234495
43-44,M1 vs M8,0.17247623358985967
44-45,M1 vs M2,0.15731100045269353
44-45,M1 vs M3,0.15233137166138525
44-45,M1 vs M4,0.16206428248076052
44-45,M1 vs M5,0.1625169760072431
44-45,M1 vs M6,0.15799004074241738
44-45,M1 vs M7,0.15685830692621094
44-45,M1 vs M8,0.16296966953372566
45-46,M1 vs M2,0.16840199185151652
45-46,M1 vs M3,0.17179719330013582
45-46,M1 vs M4,0.17270258035310096
45-46,M1 vs M5,0.18220914440923494
45-46,M1 vs M6,0.17745586238116795
45-46,M1 vs M7,0.17926663648709823
45-46,M1 vs M8,0.17949298325033952
46-47,M1 vs M2,0.15255771842462654
46-47,M1 vs M3,0.1622906292440018
46-47,M1 vs M4,0.16342236306020824
46-47,M1 vs M5,0.16025350837483024
46-47,M1 vs M6,0.16364870982344953
46-47,M1 vs M7,0.1638750565866908
46-47,M1 vs M8,0.1641014033499321
47-48,M1 vs M2,0.1654594839293798
47-48,M1 vs M3,0.17157084653689453
47-48,M1 vs M4,0.17315527387958352
47-48,M1 vs M5,0.16772295156179268
47-48,M1 vs M6,0.17111815301041194
47-48,M1 vs M7,0.1702127659574468
47-48,M1 vs M8,0.17994567677682208
48-49,M1 vs M2,0.15753734721593482
48-49,M1 vs M3,0.15663196016296968
48-49,M1 vs M4,0.1625169760072431
48-49,M1 vs M5,0.15799004074241738
48-49,M1 vs M6,0.1638750565866908
48-49,M1 vs M7,0.16319601629696695
48-49,M1 vs M8,0.16432775011317338
5-6,M1 vs M2,0.15414214576731552
5-6,M1 vs M3,0.1609325486645541
5-6,M1 vs M4,0.1593481213218651
5-6,M1 vs M5,0.16319601629696695
5-6,M1 vs M6,0.1654594839293798
5-6,M1 vs M7,0.16455409687641467
5-6,M1 vs M8,0.16659121774558625
6-7,M1 vs M2,0.13761883205070166
6-7,M1 vs M3,0.1453146220009054
6-7,M1 vs M4,0.13920325939339068
6-7,M1 vs M5,0.14463558171118154
6-7,M1 vs M6,0.14757808963331825
6-7,M1 vs M7,0.14712539610683567
6-7,M1 vs M8,0.14961521050248983
7-8,M1 vs M2,0.13331824354911725
7-8,M1 vs M3,0.13467632412856495
7-8,M1 vs M4,0.13241285649615211
7-8,M1 vs M5,0.1387505658669081
7-8,M1 vs M6,0.1373924852874604
7-8,M1 vs M7,0.14259846084200997
7-8,M1 vs M8,0.14078768673607966
8-9,M1 vs M2,0.18990493435943867
8-9,M1 vs M3,0.1892258940697148
8-9,M1 vs M4,0.19511090991398822
8-9,M1 vs M5,0.19126301493888637
8-9,M1 vs M6,0.19646899049343594
8-9,M1 vs M7,0.19352648257129923
8-9,M1 vs M8,0.20552286102308737
9-10,M1 vs M2,0.1842462652784065
9-10,M1 vs M3,0.1892258940697148
9-10,M1 vs M4,0.18832050701674966
9-10,M1 vs M5,0.19330013580805794
9-10,M1 vs M6,0.19126301493888637
9-10,M1 vs M7,0.18650973291081938
9-10,M1 vs M8,0.19941149841557265
